Feature,SHAP_Value
num__AMT_ANNUITY,0.11181527169856728
num__AMT_CREDIT,0.06855089134570427
num__ANNUITY_INCOME_RATIO,0.03131465669717185
num__CREDIT_INCOME_RATIO,0.025653112876854605
num__OBS_60_CNT_SOCIAL_CIRCLE,0.02468420151032068
cat__FLAG_OWN_CAR_N,0.017967548682112713
num__DAYS_BIRTH,0.016540887898518885
num__ENTRANCES_MODE,0.01590638621981885
cat__FLAG_OWN_REALTY_Y,0.013665132969818913
num__AMT_INCOME_TOTAL,0.008219317737262184
num__YEARS_BEGINEXPLUATATION_AVG,0.007537461653882584
num__AGE,0.006625069793481818
num__SK_ID_CURR,0.006571301936462195
num__FLOORSMAX_MODE,0.005659276659326339
num__LANDAREA_MODE,0.005398185499079315
num__YEARS_BEGINEXPLUATATION_MODE,0.005143078433990876
cat__NAME_CONTRACT_TYPE_Cash loans,0.0034776834577842073
num__COMMONAREA_AVG,0.003417874396547591
num__BASEMENTAREA_AVG,0.0016131308361157256
cat__ORGANIZATION_TYPE_Military,0.0010410284966844174
num__NONLIVINGAREA_MEDI,0.0005656649142233835
num__BASEMENTAREA_MODE,0.00048640254128524583
num__TOTALAREA_MODE,0.0004691853447619442
"cat__NAME_TYPE_SUITE_Spouse, partner",0.00046141243064937534
num__FLAG_DOCUMENT_16,0.0004288449021152284
num__NONLIVINGAPARTMENTS_MODE,0.0003378643833676111
num__YEARS_BEGINEXPLUATATION_MEDI,0.00031430721451779453
num__APARTMENTS_AVG,0.0002977311100089309
num__ELEVATORS_MEDI,0.00029418506888960743
num__FLAG_DOCUMENT_13,0.0002594265286598865
cat__ORGANIZATION_TYPE_Kindergarten,0.00024255936745265703
cat__ORGANIZATION_TYPE_Trade: type 2,0.00023206010089571154
num__COMMONAREA_MODE,0.00022018598031521143
num__FLAG_DOCUMENT_18,0.0002142262100428076
cat__ORGANIZATION_TYPE_Industry: type 9,0.0002038331663365469
num__LANDAREA_AVG,0.0001041914664788183
cat__NAME_EDUCATION_TYPE_Academic degree,5.2564744981998746e-05
num__REG_REGION_NOT_WORK_REGION,4.346075932020675e-05
num__ENTRANCES_AVG,3.1663232796955586e-05
cat__ORGANIZATION_TYPE_Government,3.0339069050488596e-05
cat__ORGANIZATION_TYPE_Business Entity Type 1,2.5921517583995897e-05
cat__ORGANIZATION_TYPE_Security Ministries,2.587160531506512e-05
num__YEARS_BUILD_MEDI,2.4385794087866224e-05
cat__ORGANIZATION_TYPE_Police,2.0757116708765622e-05
cat__WALLSMATERIAL_MODE_Block,1.9077429708327962e-05
num__FLAG_DOCUMENT_14,1.7154706581865654e-05
num__LIVE_REGION_NOT_WORK_REGION,6.951238233113002e-06
cat__ORGANIZATION_TYPE_Transport: type 4,5.594755263021352e-06
num__FLAG_MOBIL,0.0
num__FLAG_EMP_PHONE,0.0
num__FLAG_DOCUMENT_4,0.0
num__FLAG_DOCUMENT_2,0.0
cat__NAME_TYPE_SUITE_Group of people,0.0
cat__CODE_GENDER_XNA,0.0
num__FLAG_DOCUMENT_21,0.0
num__FLAG_DOCUMENT_19,0.0
num__FLAG_DOCUMENT_20,0.0
num__FLAG_DOCUMENT_17,0.0
cat__ORGANIZATION_TYPE_Industry: type 5,0.0
cat__ORGANIZATION_TYPE_Religion,0.0
cat__ORGANIZATION_TYPE_Medicine,0.0
cat__ORGANIZATION_TYPE_Industry: type 8,0.0
cat__NAME_FAMILY_STATUS_Unknown,0.0
cat__OCCUPATION_TYPE_IT staff,0.0
cat__ORGANIZATION_TYPE_Electricity,0.0
cat__OCCUPATION_TYPE_Cooking staff,0.0
cat__NAME_INCOME_TYPE_Pensioner,0.0
cat__ORGANIZATION_TYPE_Industry: type 7,0.0
cat__ORGANIZATION_TYPE_Industry: type 6,0.0
cat__ORGANIZATION_TYPE_Housing,0.0
cat__ORGANIZATION_TYPE_Industry: type 10,0.0
cat__ORGANIZATION_TYPE_Industry: type 4,0.0
cat__ORGANIZATION_TYPE_Hotel,0.0
cat__ORGANIZATION_TYPE_Emergency,0.0
cat__NAME_INCOME_TYPE_Maternity leave,0.0
cat__NAME_INCOME_TYPE_Businessman,0.0
cat__NAME_EDUCATION_TYPE_Incomplete higher,0.0
cat__ORGANIZATION_TYPE_Trade: type 4,0.0
cat__ORGANIZATION_TYPE_Insurance,0.0
cat__HOUSETYPE_MODE_block of flats,0.0
cat__EMERGENCYSTATE_MODE_Yes,0.0
cat__ORGANIZATION_TYPE_Transport: type 1,0.0
cat__ORGANIZATION_TYPE_Services,0.0
cat__ORGANIZATION_TYPE_Trade: type 6,0.0
cat__ORGANIZATION_TYPE_XNA,0.0
cat__ORGANIZATION_TYPE_Trade: type 5,0.0
cat__ORGANIZATION_TYPE_Trade: type 3,0.0
cat__ORGANIZATION_TYPE_Industry: type 11,0.0
cat__ORGANIZATION_TYPE_Industry: type 12,0.0
cat__ORGANIZATION_TYPE_Industry: type 13,0.0
num__REG_REGION_NOT_LIVE_REGION,0.0
num__FLAG_DOCUMENT_11,0.0
num__FLAG_DOCUMENT_12,0.0
cat__NAME_INCOME_TYPE_Student,0.0
num__FLAG_DOCUMENT_10,0.0
num__FLAG_DOCUMENT_7,0.0
cat__ORGANIZATION_TYPE_Trade: type 7,-1.1465497692143416e-06
num__AMT_REQ_CREDIT_BUREAU_HOUR,-1.898259191029634e-06
cat__OCCUPATION_TYPE_Realty agents,-2.1108655779935344e-06
cat__FONDKAPREMONT_MODE_org spec account,-2.2084694574952904e-06
cat__ORGANIZATION_TYPE_Industry: type 2,-2.53522720082041e-06
cat__HOUSETYPE_MODE_terraced house,-3.2069736898910695e-06
cat__ORGANIZATION_TYPE_Industry: type 1,-3.6600205712692496e-06
cat__ORGANIZATION_TYPE_Mobile,-3.711228481725614e-06
cat__NAME_TYPE_SUITE_Other_B,-3.839869246542341e-06
cat__ORGANIZATION_TYPE_Restaurant,-5.189387226928217e-06
num__FLAG_DOCUMENT_15,-5.945086030087533e-06
cat__ORGANIZATION_TYPE_Agriculture,-6.871573134005269e-06
cat__OCCUPATION_TYPE_Secretaries,-7.109766335514602e-06
cat__ORGANIZATION_TYPE_Security,-7.4483458057438715e-06
cat__OCCUPATION_TYPE_Private service staff,-8.020343198633925e-06
cat__OCCUPATION_TYPE_HR staff,-8.465671028668523e-06
cat__ORGANIZATION_TYPE_Postal,-9.012798090983814e-06
cat__NAME_HOUSING_TYPE_Co-op apartment,-1.030739554357009e-05
cat__HOUSETYPE_MODE_specific housing,-1.0405681836945196e-05
cat__ORGANIZATION_TYPE_Transport: type 2,-1.067849241570822e-05
cat__FONDKAPREMONT_MODE_reg oper spec account,-1.073973064350827e-05
num__FLAG_CONT_MOBILE,-1.5708662413757902e-05
cat__WALLSMATERIAL_MODE_Monolithic,-1.6562353437208335e-05
cat__ORGANIZATION_TYPE_Culture,-1.6720485224843503e-05
num__COMMONAREA_MEDI,-1.8899146983631656e-05
cat__ORGANIZATION_TYPE_Cleaning,-2.0789783023585452e-05
cat__ORGANIZATION_TYPE_University,-2.3881855914554513e-05
num__FLAG_DOCUMENT_9,-2.5894103515961787e-05
num__LIVINGAREA_MEDI,-2.865463937586516e-05
cat__OCCUPATION_TYPE_Waiters/barmen staff,-3.3637759442399636e-05
cat__ORGANIZATION_TYPE_Telecom,-3.693797511388836e-05
cat__ORGANIZATION_TYPE_Trade: type 1,-3.896314510190192e-05
cat__EMERGENCYSTATE_MODE_No,-3.978822571125892e-05
cat__WALLSMATERIAL_MODE_Others,-4.119163149023672e-05
cat__NAME_TYPE_SUITE_Other_A,-4.124183874943563e-05
cat__ORGANIZATION_TYPE_Other,-4.137206458145244e-05
cat__WALLSMATERIAL_MODE_Mixed,-4.249873901781998e-05
num__ELEVATORS_AVG,-5.019724497175986e-05
cat__NAME_INCOME_TYPE_Unemployed,-5.3167532518764905e-05
cat__ORGANIZATION_TYPE_Advertising,-5.325780943343949e-05
cat__NAME_TYPE_SUITE_Family,-6.017397786850181e-05
cat__WALLSMATERIAL_MODE_Wooden,-6.232433206771357e-05
num__FLOORSMIN_MEDI,-7.147458463338324e-05
cat__ORGANIZATION_TYPE_Bank,-7.453578469360655e-05
num__NONLIVINGAPARTMENTS_AVG,-8.361544974445747e-05
num__FLAG_EMAIL,-0.00013303423965296265
cat__ORGANIZATION_TYPE_Legal Services,-0.00015249703958178856
num__LIVINGAPARTMENTS_MODE,-0.00018999229687024623
cat__NAME_FAMILY_STATUS_Civil marriage,-0.00022133684286296506
num__LIVINGAPARTMENTS_MEDI,-0.0002386294389396539
num__AMT_REQ_CREDIT_BUREAU_DAY,-0.0002483850083651425
cat__NAME_FAMILY_STATUS_Separated,-0.0002502394639566678
num__FLAG_DOCUMENT_5,-0.00028182605988466086
cat__OCCUPATION_TYPE_Cleaning staff,-0.00032638085031220707
num__LIVINGAREA_MODE,-0.000335059921695258
cat__NAME_HOUSING_TYPE_Rented apartment,-0.0003379044997790873
num__FLOORSMIN_AVG,-0.00034639483825260706
num__FLOORSMIN_MODE,-0.0003620233374640785
cat__ORGANIZATION_TYPE_Business Entity Type 2,-0.0004350038993909324
cat__ORGANIZATION_TYPE_Industry: type 3,-0.0004726130119265634
num__LIVINGAPARTMENTS_AVG,-0.0004750282574067674
cat__NAME_HOUSING_TYPE_Municipal apartment,-0.0005138689275929736
cat__NAME_CONTRACT_TYPE_Revolving loans,-0.000551034878713937
num__NONLIVINGAPARTMENTS_MEDI,-0.0005654785324917292
cat__NAME_TYPE_SUITE_Children,-0.0006149320360447254
cat__NAME_HOUSING_TYPE_Office apartment,-0.0006407624425374849
cat__FONDKAPREMONT_MODE_not specified,-0.0006438059241157672
num__YEARS_BUILD_AVG,-0.0006991198473787584
num__LANDAREA_MEDI,-0.0007137633242313704
cat__OCCUPATION_TYPE_Medicine staff,-0.0007441899924855657
cat__OCCUPATION_TYPE_Low-skill Laborers,-0.0009393725875994246
cat__OCCUPATION_TYPE_Security staff,-0.0009534563532320921
num__APARTMENTS_MEDI,-0.0010695319521078469
cat__NAME_FAMILY_STATUS_Widow,-0.0013920681125875816
cat__FONDKAPREMONT_MODE_reg oper account,-0.0014022785862110047
num__LIVINGAREA_AVG,-0.0015654898852397632
cat__ORGANIZATION_TYPE_Realtor,-0.00174175159063653
cat__ORGANIZATION_TYPE_Transport: type 3,-0.0018767254865840449
num__APARTMENTS_MODE,-0.002095006528842064
num__FLAG_DOCUMENT_8,-0.0021519184375824504
num__NONLIVINGAREA_AVG,-0.002424667769562824
cat__OCCUPATION_TYPE_Managers,-0.0025690088804185573
cat__NAME_HOUSING_TYPE_With parents,-0.0027436823094253424
cat__OCCUPATION_TYPE_High skill tech staff,-0.0030266558161466907
cat__ORGANIZATION_TYPE_School,-0.0032075787880701044
num__FLOORSMAX_MEDI,-0.0034278454070090503
num__HOUR_APPR_PROCESS_START,-0.0036041162374937964
num__FLOORSMAX_AVG,-0.004044305692948654
cat__OCCUPATION_TYPE_Accountants,-0.0040609020456831854
num__BASEMENTAREA_MEDI,-0.004127579431769117
num__LIVE_CITY_NOT_WORK_CITY,-0.004169347948639368
cat__NAME_INCOME_TYPE_State servant,-0.004192937232368733
num__AMT_REQ_CREDIT_BUREAU_WEEK,-0.004262643368341668
num__REGION_POPULATION_RELATIVE,-0.007056479426914679
cat__NAME_EDUCATION_TYPE_Lower secondary,-0.008266740158675592
num__YEARS_BUILD_MODE,-0.009642608088937682
cat__WEEKDAY_APPR_PROCESS_START_SUNDAY,-0.010468049202756602
cat__OCCUPATION_TYPE_Sales staff,-0.01266694108846894
cat__OCCUPATION_TYPE_Core staff,-0.01363999718467803
num__DAYS_REGISTRATION,-0.01470658234651202
num__CNT_FAM_MEMBERS,-0.016451534014392446
num__DAYS_LAST_PHONE_CHANGE,-0.017545462114696767
cat__ORGANIZATION_TYPE_Construction,-0.018771956954684713
num__FLAG_DOCUMENT_6,-0.019645754589455913
num__EMPLOYMENT_YEARS,-0.021714639963901643
num__ELEVATORS_MODE,-0.024587572517635825
num__ENTRANCES_MEDI,-0.024878449255899156
cat__WEEKDAY_APPR_PROCESS_START_THURSDAY,-0.026592039197067097
cat__NAME_INCOME_TYPE_Commercial associate,-0.026893056894360574
cat__OCCUPATION_TYPE_Drivers,-0.027615943207570274
num__OBS_30_CNT_SOCIAL_CIRCLE,-0.028129681089705722
cat__WEEKDAY_APPR_PROCESS_START_SATURDAY,-0.03217773040294479
cat__NAME_HOUSING_TYPE_House / apartment,-0.0379279647899596
cat__NAME_FAMILY_STATUS_Single / not married,-0.038499085062223264
cat__NAME_EDUCATION_TYPE_Higher education,-0.04397501928559029
"cat__WALLSMATERIAL_MODE_Stone, brick",-0.044904969963702704
num__AMT_REQ_CREDIT_BUREAU_QRT,-0.04845026682199866
cat__WEEKDAY_APPR_PROCESS_START_MONDAY,-0.050432231039663204
num__OWN_CAR_AGE,-0.05256665231724975
cat__NAME_TYPE_SUITE_Unaccompanied,-0.055854895857469264
num__REGION_RATING_CLIENT,-0.05674206017780149
num__DEF_60_CNT_SOCIAL_CIRCLE,-0.058115817163132306
cat__WEEKDAY_APPR_PROCESS_START_FRIDAY,-0.05914814622741226
cat__WEEKDAY_APPR_PROCESS_START_TUESDAY,-0.06282960220279456
cat__NAME_EDUCATION_TYPE_Secondary / secondary special,-0.0639161931983459
num__FLAG_DOCUMENT_3,-0.06656986336273253
cat__WEEKDAY_APPR_PROCESS_START_WEDNESDAY,-0.07626992415150442
num__CNT_CHILDREN,-0.07651202642298989
num__FLAG_WORK_PHONE,-0.08138896893115838
num__AMT_REQ_CREDIT_BUREAU_MON,-0.08299503738170315
num__REG_CITY_NOT_LIVE_CITY,-0.08455586886748118
cat__ORGANIZATION_TYPE_Self-employed,-0.08638651623971105
cat__OCCUPATION_TYPE_Laborers,-0.09256171803600387
cat__FLAG_OWN_REALTY_N,-0.09370367221020563
num__AMT_REQ_CREDIT_BUREAU_YEAR,-0.09822463746518562
cat__ORGANIZATION_TYPE_Business Entity Type 3,-0.10867297338405375
num__EXT_SOURCE_2,-0.13815931797780895
cat__FLAG_OWN_CAR_Y,-0.13887339475876379
num__DAYS_ID_PUBLISH,-0.140935576996468
num__DEF_30_CNT_SOCIAL_CIRCLE,-0.1478803389049595
num__REG_CITY_NOT_WORK_CITY,-0.16629962474514906
cat__NAME_INCOME_TYPE_Working,-0.16649874109026683
num__REGION_RATING_CLIENT_W_CITY,-0.18575383594705466
num__NONLIVINGAREA_MODE,-0.18795893128550906
num__AMT_GOODS_PRICE,-0.19228206317863206
cat__WALLSMATERIAL_MODE_Panel,-0.20457145352183778
num__DAYS_EMPLOYED,-0.21131279247890228
num__CREDIT_ANNUITY_RATIO,-0.22785503292835602
cat__CODE_GENDER_M,-0.2333404855027189
cat__CODE_GENDER_F,-0.24954621572897442
cat__NAME_FAMILY_STATUS_Married,-0.3267726601675698
num__FLAG_PHONE,-0.39890088479439834
num__EXT_SOURCE_1,-0.5496527915708117
num__EXT_SOURCE_3,-0.7573060876821535
